{
    "loss": 1.6304950714111328,
    "accuracy": 0.7788853645324707
}