{
    "loss": 9.68843936920166,
    "accuracy": 0.690077006816864
}